<?xml version="1.0" encoding="UTF-8"?>
<!DOCTYPE mapper
	PUBLIC "-//mybatis.org//DTD Mapper 3.0//EN"
	"http://mybatis.org/dtd/mybatis-3-mapper.dtd">
<mapper namespace="com.book45.mapper.AlbumReviewMapper">

	<insert id="enrollAlbumReview">
	
		insert into albumReview(num, productNum, id, nickname, content, rating) 
		values (albumReview_seq.nextval, #{productNum}, #{id}, #{nickname}, #{content}, #{rating})
	</insert>
	
	
	<select id="checkAlbumReview" resultType="integer">
	
		select num from albumReview where id=#{id} and productNum = #{productNum}
		
	</select>
	
		<!-- 댓글 페이징 -->
  	<select id="getAlbumReviewList" resultType="com.book45.domain.AlbumReviewDTO">
  	
  		<![CDATA[
		select * from(  		
			select rownum as rn, num, productNum, id, nickname, content, rating, writeDate
			from albumReview
			where rownum <= #{pageNum} * #{amount}  and productNum = #{productNum}	
			order by writeDate desc  	
  			)
  		where rn > (#{pageNum} -1) * #{amount}
  		]]>	
  		
  	</select>
  	
  	<select id="getAlbumReviewTotal" resultType="int">
  	
  		select count(*)
  		from albumReview
  		where productNum = #{productNum}
  	
  	</select>
  	
  	<!-- 댓글수정 -->
  	<update id="updateAlbumReview">
  	
  		update albumReview set content = #{content}, rating = #{rating}
  		where num = #{num}
  		
  	</update>
  	
  	<select id="getUpdateAlbumReview" resultType="com.book45.domain.AlbumReviewDTO">
  	
  		select * from albumReview where num = #{num}
  		
  	</select>
  	
  	<!-- 댓글 삭제 -->
  	<delete id="deleteAlbumReview">
  	
  		delete from albumReview where num = #{num}
  		
  	</delete>
  	
  	<select id="getRatingAverage" resultType="double">
  	
  		select avg(rating)
  		from albumReview
  		where productNum = #{productNum}
  	
  	</select>

	<update id="updateRating">
	
		update album
		set ratingAvg = #{ratingAvg}
		where productNum = #{productNum}
	
	</update>
</mapper>