<?xml version="1.0" encoding="UTF-8"?>
<!DOCTYPE mapper
  PUBLIC "-//mybatis.org//DTD Mapper 3.0//EN"
  "https://mybatis.org/dtd/mybatis-3-mapper.dtd">
<mapper namespace="com.book45.mapper.AlbumReviewMapper">

<insert id="insert">

	<!-- member테이블에서 받아와야하는 Id 값은 추가하지않은상태 -->
	insert into albumReview(num, productNum, id, nickname, content)
	values(albumReview_seq.nextval, #{productNum}, #{id}, #{nickname}, #{content} )
	
</insert>

<select id="read" resultType="com.book45.domain.AlbumReviewVO">

	select * from albumReview where num = #{num} 
	
</select>

<delete id="delete">

	delete from albumReview where num = #{num}
	
</delete>

<update id="update">

	update albumReview set content = #{content}, updateDate = sysdate where num=#{num}
	
</update>

 <select id ="getListWithPaging" resultType="com.book45.domain.AlbumReviewVO">
	
	<![CDATA[
		select num, productNum, id, nickname, content, writedate, updatedate
		from (
			select  /*+INDEX(albumreview idx_albumreview) */
			rownum rn, num, productNum, id, nickname, content, writedate, updatedate
			from albumreview 
			where productNum = #{productNum}
			and num > 0	
			and rownum <= #{cri.pageNum} * #{cri.amount}
			) where rn > (#{cri.pageNum} -1) * #{cri.amount} 
		]]>
		
</select>

<select id="getCountByProductNum" resultType="int">

	select count(num) from albumReview where productNum = #{productNum}
	
</select>

<!-- <select id="checkAlbumReview" resultType="int">

	select * from albumReview where id=#{id} and productNum=#{productNum}
</select> -->
</mapper>